{
  "config": {
    "n_agents": 10,
    "n_trials": 400
  },
  "analysis": {
    "P3a_convergence": {
      "IGT": {
        "APGI": 151.8,
        "StandardPP": 107.9,
        "GWTOnly": 167.3,
        "ActorCritic": 186.2
      },
      "Foraging": {
        "APGI": 400.0,
        "StandardPP": 400.0,
        "GWTOnly": 400.0,
        "ActorCritic": 400.0
      },
      "ThreatReward": {
        "APGI": 400.0,
        "StandardPP": 400.0,
        "GWTOnly": 400.0,
        "ActorCritic": 400.0
      },
      "statistical_tests": {
        "APGI_vs_StandardPP": {
          "mann_whitney_u": 54.0,
          "p_value": 0.7897086645266533,
          "alpha": 0.01,
          "significant": false,
          "cliff_delta": 0.08,
          "apgi_mean": 151.8,
          "StandardPP_mean": 107.9,
          "apgi_faster": false
        },
        "APGI_vs_GWTOnly": {
          "mann_whitney_u": 33.0,
          "p_value": 0.21022464423391396,
          "alpha": 0.01,
          "significant": false,
          "cliff_delta": -0.34,
          "apgi_mean": 151.8,
          "GWTOnly_mean": 167.3,
          "apgi_faster": false
        },
        "APGI_vs_ActorCritic": {
          "mann_whitney_u": 31.5,
          "p_value": 0.17183412637711326,
          "alpha": 0.01,
          "significant": false,
          "cliff_delta": -0.37,
          "apgi_mean": 151.8,
          "ActorCritic_mean": 186.2,
          "apgi_faster": false
        }
      }
    },
    "P3b_intero_dominance": {
      "rate": 0.2541108429532903,
      "prediction_met": false
    },
    "P3c_ignition_strategy": {
      "ignition_coefficient": -1.43242681074612,
      "ci_95": [
        -1.598185709447881,
        -1.2921355406087731
      ],
      "prediction_met": false,
      "bootstrap_samples": 100
    },
    "P3d_adaptation": {
      "apgi_reward": 783.5902007505622,
      "standardpp_reward": 66.21989302132765,
      "relative_improvement": 10.833154132372108,
      "prediction_met": true
    },
    "bic_results": {
      "IGT": {
        "APGI": {
          "bic": 1093.8374430110885,
          "aic": 684.7242164044566,
          "log_likelihood": -277.3621082022283,
          "n_parameters": 65,
          "n_samples": 4000
        },
        "StandardPP": {
          "bic": 1123.766730782028,
          "aic": 777.5940005764165,
          "log_likelihood": -333.79700028820827,
          "n_parameters": 55,
          "n_samples": 4000
        },
        "GWTOnly": {
          "bic": 11379.540138728718,
          "aic": 11127.778153124636,
          "log_likelihood": -5523.889076562318,
          "n_parameters": 40,
          "n_samples": 4000
        },
        "ActorCritic": {
          "bic": 11297.706129961914,
          "aic": 11140.354888959364,
          "log_likelihood": -5545.177444479682,
          "n_parameters": 25,
          "n_samples": 4000
        }
      },
      "Foraging": {
        "APGI": {
          "bic": 4520.976984476973,
          "aic": 4111.86375787034,
          "log_likelihood": -1990.9318789351703,
          "n_parameters": 65,
          "n_samples": 4000
        },
        "StandardPP": {
          "bic": 1243.5936187391121,
          "aic": 897.4208885335005,
          "log_likelihood": -393.71044426675024,
          "n_parameters": 55,
          "n_samples": 4000
        },
        "GWTOnly": {
          "bic": 13167.361470029738,
          "aic": 12915.599484425657,
          "log_likelihood": -6417.799742212828,
          "n_parameters": 40,
          "n_samples": 4000
        },
        "ActorCritic": {
          "bic": 13082.854540476157,
          "aic": 12925.503299473607,
          "log_likelihood": -6437.751649736803,
          "n_parameters": 25,
          "n_samples": 4000
        }
      },
      "ThreatReward": {
        "APGI": {
          "bic": 4295.877219283951,
          "aic": 3886.763992677319,
          "log_likelihood": -1878.3819963386595,
          "n_parameters": 65,
          "n_samples": 4000
        },
        "StandardPP": {
          "bic": 1059.472285925102,
          "aic": 713.2995557194904,
          "log_likelihood": -301.6497778597452,
          "n_parameters": 55,
          "n_samples": 4000
        },
        "GWTOnly": {
          "bic": 11380.877345117113,
          "aic": 11129.11535951303,
          "log_likelihood": -5524.557679756515,
          "n_parameters": 40,
          "n_samples": 4000
        },
        "ActorCritic": {
          "bic": 11297.706129961914,
          "aic": 11140.354888959364,
          "log_likelihood": -5545.177444479682,
          "n_parameters": 25,
          "n_samples": 4000
        }
      }
    }
  },
  "falsification": {
    "F3.Conv": {
      "falsified": false,
      "actual": 151.8,
      "target": [
        50,
        160
      ],
      "method": "absolute_convergence_bound"
    },
    "F3.1": {
      "falsified": false,
      "improvement": 29.92928777093948,
      "threshold": -10.0,
      "method": "BIC_comparison",
      "apgi_bic": 1093.8374430110885,
      "best_other_bic": 1123.766730782028
    },
    "F3.2": {
      "falsified": false,
      "coefficient": -1.43242681074612,
      "ci_95": [
        -1.598185709447881,
        -1.2921355406087731
      ],
      "significant": true,
      "magnitude_exceeds_threshold": true,
      "method": "ignition_adaptive_correlation_test",
      "threshold": 0.3
    },
    "F3.3": {
      "falsified": false,
      "method": "BIC_comparison",
      "apgi_bic": 1093.8374430110885,
      "standardpp_bic": 1123.766730782028,
      "bic_difference": 29.92928777093948
    },
    "F3.Intero": {
      "falsified": false,
      "rate": 0.2541108429532903,
      "threshold": 0.25
    },
    "F3.Adaptation": {
      "falsified": false,
      "relative_improvement": 10.833154132372108,
      "threshold": 0.1
    }
  }
}