{
  "evolved_alpha_values": [
    4.366222259470561,
    5.254524665587188,
    4.176043432388353,
    4.389468095436554,
    4.123058983543153,
    4.537315129345971,
    4.863763257838202,
    4.428187779225121,
    4.547799585286433,
    4.0079701303482675,
    4.900319862775148,
    4.6784706497872675,
    3.642350813679329,
    4.827528321750142,
    4.563761038634224,
    4.2309741760754385,
    4.583409148385323,
    4.311504608581018,
    4.868367890911238,
    4.719935008780803,
    4.8675063342958085,
    4.501545030658379,
    4.4763985425399495,
    3.786392311180585,
    4.694057162137059,
    4.3690652625892765,
    3.593463110337225,
    4.391251191475613,
    3.5129817330275275,
    5.062464681452383,
    4.490265080348753,
    4.590625472469318,
    4.575544609491112,
    4.324193858104357,
    5.066737100990835,
    4.289666570865503,
    3.692497045491071,
    4.858768370418927,
    4.650256903149604,
    4.120134709671746,
    4.732027365889965,
    4.377270062726209,
    3.383908954033104,
    1.9702906354933285,
    2.915705777058168,
    2.686898227871007,
    2.3607055543139643,
    2.1013485410189787,
    3.107316200697042,
    2.2120787644248865,
    2.9386799638044465,
    2.030247508850275,
    2.209055844424403,
    1.7360988368381305,
    2.3638206373990154,
    3.665926059023338,
    2.2777328388245914,
    2.812117837305944,
    2.133029231764531,
    2.2750190068562812,
    2.475409289759306,
    2.894102001210894,
    2.6000954470189823,
    2.447325653547127,
    1.868636041934661,
    3.1258229772861865,
    2.56335787047788,
    2.645538474870678,
    2.852858893963092,
    2.7012893570837067,
    2.009684589886519,
    2.224681168610801,
    3.540764641605315,
    1.8502758855914947,
    2.6046431279934747,
    2.132739279037677,
    2.6491320591339105,
    3.523006137448901,
    2.9158176510647738,
    3.1644240505209216,
    2.840104089444058,
    2.272011041893496,
    2.4883966907890223,
    2.066723956407146,
    3.100458125429157,
    3.0445963702830667,
    2.2635841775706633,
    2.406963723947352,
    2.8080047903831638,
    1.430406989261738,
    1.8218447204945418,
    1.9226360881616218,
    2.2181890886231663,
    2.9442268823808897,
    3.0559379500870625,
    2.725818705318644,
    2.032851475685291,
    2.7914550868481447,
    2.955205214533804,
    3.140541847914384
  ],
  "timescale_correlations": [
    0.4601300934585408,
    0.38149943398306646,
    0.3797750337975005,
    0.39553712980863426,
    0.6978685815633136,
    0.6510032963434029,
    0.589324697135974,
    0.6672996153199056,
    0.4341515397374586,
    0.6230578365085467,
    0.7176050535833188,
    0.6170723651623254,
    0.5806447543343474,
    0.6651976959153804,
    0.7037063582451317,
    0.4373678690338998,
    0.5490578362388067,
    0.6558337252196632,
    0.6412901067686448,
    0.5508609128007006,
    0.38958978856518794,
    0.6160715285099446,
    0.5209847796733811,
    0.5969946658042907,
    0.7013230562579316,
    0.45467312037518615,
    0.48957786395032243,
    0.5719056404390628,
    0.46736389815906465,
    0.44716226914915097,
    0.5290276066645437,
    0.6414924922262646,
    0.5467904715359784,
    0.4132689976599505,
    0.5358690351496146,
    0.4738807287477414,
    0.5891576574419688,
    0.6732438028972213,
    0.17496724248815515,
    0.34571904738373077,
    0.33979644636274414,
    0.18679370125989836,
    0.3035004496710074,
    0.12042000755894404,
    0.1872805376494432,
    0.12183674759080451,
    0.22770613834820955,
    0.3407752388194623,
    0.1650606806866139,
    0.33419980751778083,
    0.14976995098758186,
    0.1152454680728822,
    0.04239203669950057,
    0.28646092334271195,
    -0.029165094998220346,
    0.3009642688604231,
    0.1394211826175755,
    0.32965127872373995,
    0.18323036218313102,
    0.25854003896013106,
    0.09524585363049204,
    0.05294820089611657,
    0.1554852131840705,
    0.02773993217616878,
    0.14403639392594586,
    0.2638754644141674,
    0.06074961771115933,
    0.19495038935825154,
    0.35735895389323724,
    0.2851660666715726,
    0.29166609540418814,
    0.27412117877238057,
    0.11001326049358849,
    0.41980338175334614,
    0.1588362605840988,
    0.07535684443508014,
    0.11703651097394187,
    0.36033909222080057,
    0.25017334923357704,
    0.2769889671792135,
    0.2797740109601123,
    0.270646278475437,
    0.0031104039550731016,
    0.483141162692664,
    0.22714877013978355,
    0.21827426570327665,
    0.27458440510838156,
    0.1815593572404075,
    0.31290841608660286,
    0.27982589059796287,
    0.3485994557010719,
    0.1543645223479883,
    0.17960067432944887,
    0.27445558183008834,
    0.34244000819422354,
    0.28446398669096185,
    0.34884774022069037,
    0.31012710186422326,
    0.33938933779971464,
    0.10937758634594373
  ],
  "intero_gain_ratios": [
    1.2835878645467536,
    1.4430547359927386,
    1.7168074699281415,
    1.4042227768015254,
    1.3205233412125987,
    1.6701837747641584,
    1.3890387630226608,
    1.4928178598883117,
    1.5206314924053097,
    1.2728740519927686,
    1.6600380023015617,
    1.4186191122174403,
    1.3609049632575583,
    1.4607376580434224,
    1.2654698522554009,
    1.3593092324756948,
    1.8116616568305353,
    1.6035322908319902,
    1.2934596209790126,
    1.663598962493293,
    1.7012300300121006,
    1.6703730138330297,
    1.1146431742075948,
    1.9641715882729205,
    1.6186964085635667,
    1.4477100070580309,
    1.4488363785503904,
    1.4402896771293856,
    1.4074100318851328,
    1.7882741167648097,
    1.3658683639575593,
    1.544082757454562,
    1.622484885427473,
    1.4857239787424816,
    1.3538257951895685,
    0.9314347578138545,
    0.9676860452505911,
    1.0455001541241937,
    0.7607227497173991,
    0.9221119988437553,
    0.9864910399205208,
    1.1562108869581003,
    0.6365678884583988,
    1.089065158062055,
    0.7912893995539572,
    0.9027760848168552,
    0.8336293431127278,
    1.1760886032810431,
    0.5393217469658872,
    1.1020441357195705,
    0.6639918792658412,
    0.7490772625062693,
    1.1402807333699656,
    0.77990525712167,
    0.5274152781457598,
    0.7210479945014296,
    1.1604519644349631,
    0.8429211570785671,
    1.2230137155174325,
    0.4057536586814213,
    0.7725785467245687,
    0.5655560021835856,
    1.0882679552145615,
    0.9910962923628109,
    1.0700961667454987,
    1.1260305725288096,
    1.0325251743284891,
    1.0780094420679234,
    1.231069486720027,
    0.5785396671092593,
    1.0721291454097344,
    0.8193365474775413,
    0.8245660384179744,
    0.6931373766626907,
    0.9056308499634435,
    0.9605186429233565,
    0.9250145728584538,
    1.0900958233750113,
    1.1118226187149733,
    0.7413424750819969,
    1.0455915642450049,
    0.8739270087253722,
    0.788728235556365,
    0.45519782803921577,
    0.9913290673661995,
    1.2846884972789607,
    0.9823773958371341,
    1.0074346311296973,
    1.1390820070264625,
    0.6135666229545802,
    0.867591413304262,
    1.1240057505425474,
    0.7907666318390667,
    0.9064237678458166,
    1.028140523882822,
    1.3621629233027484,
    0.563682565643183,
    1.0759128206848494,
    1.084240131737237,
    0.6880429768833067
  ],
  "n_agents": 100,
  "n_generations": 1000
}